agwolf8,541eb76f-9a4e-47bd-bd16-3d6d9a9199e2
austinperson1234,7550191d-3bb6-40dc-ace6-6009909d8086
myidentityislost,06238ed9-e0d7-48a7-9424-77e903a4c7fb
littleobean,b0be1a68-fbc3-426a-9cce-29724010ae37
garrett_2009,abcb50e1-5e5d-4996-b5fc-08f4dba9e96c
ivanb2007,c88e698d-f1eb-4bcb-b351-81068ca04dc8
_slippyfish,09c1021f-8e96-4ea1-93ad-8c4fc4dce37f
hirothena,efc7c2a0-ca87-445f-bd83-081211952c8c
livertweet123,c0cd4a33-b269-4336-9290-9ae32170c69a
nsnf,64c484d5-bf4e-4750-9f17-c6565b5356d8
blindythehuman,851f8c6c-369e-4406-a635-d0df5aea99a1
cerealmarlin352,986f348d-43dd-4e77-86a2-5f84fd119bec
tarconz,f264462d-ac38-46b4-991d-8386871539d2
astroshockwave,f428ac1c-040e-4dba-acd6-b6c05fa11155
boweryhaven,c265c449-4063-44cb-9a8a-6ccae3b199c1
mohawkdragon1,8a1c8649-e62f-448c-901c-153ec07f0d8f
_orionnebula_,80af9fbc-4467-49ae-984b-8ac5d4b0a244
averpyxl,b299af73-b704-44ed-8d64-866b98a01b31
kakansomsmular,850b5bec-f2f1-4350-8507-fbc116de46a3
2sneaky4yo,e6f63845-7b06-4e08-9857-4127bab636b5
wellos11,9c8cb9e7-e3ee-4b07-8039-4cc007126c93
viz,d35149ac-8056-4f97-84c9-3aead02e502a
kokwamc,2336c54f-da46-4676-a18c-07e0e8a4de1f
olafsuperstar,65d9b0a5-91bc-4ae8-8034-0908dfbe5733
pr1nce0fcrime,0781e995-45d8-4785-aa7d-d24a155b125b
5xsteve,6527215f-7b0a-456c-9029-3eae0a15639e
cyberalien3416,3957b990-6931-4a8c-9132-cf1e4205f346
smallrusty,c255fa24-9090-4880-a65b-0653f45f6e5d
trevrocks9,fc01f6a7-5656-46d0-9c42-3733d712f477
superiorcow98,be87c919-45e1-4208-958b-da06d38e2d64
atomcrumb,b8384691-6d17-4085-8141-dac5651011aa
_comander_reg,00000000-0000-0000-0009-01fa34135765
chocolat3_waffl3,3430bca3-af4a-498c-b28d-3a98776bfaea
firebirdashes,391e5445-e242-45a6-b140-f92cfdbb96c2
wabaloo,567b4f36-8372-4295-b76d-3ee493d2cbc1
stubixz,5e4800fc-7a63-40b1-8e0d-cf27f02bf448
vadiossaj,60ae4ea4-1869-421f-a5c4-c8376fe9f967
impumpkin_,4b7f2400-6da1-4bc2-9c76-8084d84c524e
bluaza_yt,5d70332d-6905-4327-b842-9059c6fb7a99
shortzoo,cfdd385e-1869-4fcc-a241-7da1215a1272
forgettenpumpkin,76f45bc4-4313-4f68-88b9-253e8f28d554
lukiiizocktyt,1a61ec68-15d9-4670-a184-0fcf5feb762f
randomamando,ff44b8a0-6ad4-481b-ac80-1844215183cc
rockmaster8,d2b7a6e8-24c6-4b10-b7ce-9f519241f684
andrunkpenguin,45245201-6eb8-4212-8030-ed5ca8aa421f
justroll17,66bdcc7f-6e67-485f-9b33-bb3c02345e5a
lundqvistfan30,a158e4c0-1fd1-460e-a239-fd87b1186bf3
_zdemon947,00000000-0000-0000-0009-01fc75a398ac
jifsdessert,b170a740-7fe2-4454-8a48-538e93e55c72
minion_3,f13c669a-a3f7-4b1c-b981-dd6571523a12
pricenicky,df22d117-020f-4cab-9b27-c9154e9ba6b9
estly,65ea8c35-0b89-47c9-acf2-061ed6d079d6
sanderer,64fb46a9-ab91-47ea-b035-bd7a689072e8
mageofthesith,3053a287-90ac-46cd-aa9b-39546339bd23
ynisanov,65dfc9af-e38c-419b-9a82-2cb1b5a093ce
youriichi_pixel,4e171c1b-b6c7-4f5e-a5bc-fdc15d8ce190
galqxi,8b73b684-1451-42d6-afe7-4717a21840c4
diamondkingly,e869ad47-a57f-4e72-ae4e-289ab89f53cc
geraldthemonkey,38d56c37-06a1-4098-a730-83992f39afa6
rocketmancase,74314064-0d12-450b-a7bb-e7817800ddb2
_valteers5010,00000000-0000-0000-0009-01fdcbd37cdf
straighh,85be9160-a0bf-425d-aa4a-cd43112c2cd1
renojayden,e5e7eaee-7617-49bb-89e5-8d31ff50c96d
90215,0eb94926-1050-41c8-a2db-bf846ebc7355
clayjr,bb560594-cb27-4cb8-8f9e-02870f306f6d
eco_cpvp,bd049c74-03a1-4fb2-ac72-769916e64c12
soaham,17650f83-54df-400b-adf2-ad7cc170da97
ironicallyiron,30642ab5-71b2-40b8-95ec-3b3791ad38ba
novicts,967b9a68-43ff-418b-a202-47d77220897a
cheppy55,e672b61a-56b8-404f-a019-414f08e0dda4
realgunter,963943a0-f141-41e6-a739-6bb19eccfaf9
wrqy,1a45641a-60a7-48e7-9a46-cb0e62ae35f0
medieval__,b49a50a0-1e8c-4dbd-a175-602e1b2f4eef
sassytot82,b8729b65-afe1-4fa8-9ac4-4739c5808478
standbybear3261,8e7f40c9-dad8-4a75-afa5-be8828bcb95b
blitzklick,09222b65-aba5-426e-8291-d83cac85aace
d4vill,7ee4e1ba-53f3-4c59-8183-56f99468b39f
swoent,34b002f9-8235-4055-92bc-5a58b7a425ea
pilinhas12,9a21d65b-f4e4-42bc-850a-b3f49c4ff050
brandon_glitchz,1b6adbec-f60a-4954-8266-f23246e9f1e9
jqckson__,3f93c5dd-6f92-4bd8-b35c-fbe5c621eb6e
niksu69,34544f31-0a78-49d0-a055-6f5ece4db9b8
rhakans,99dbd34f-28d9-42d4-9663-60b3769ad9c2
gaminap12,2011ce58-5065-43a9-9e03-6f7bdbd3ea1e
dingdong233_,2fde41d1-9e42-4878-9da5-6bb6e00463e8
justaguy001,113d85aa-8b29-4368-8723-dfe643715673
lucaetcezar,e325cef2-c366-4cda-b8f1-2f7d7dacf25f
tbm_dream,cc7e51e1-0528-4130-905c-258a5001a96e
singularmarkus,2882521d-a125-441f-abd6-cd5604621bac
nataliecheung,a44400f7-c321-4a1a-9374-99e693b37412
uppergosling300,b2cafd6d-20b3-46cb-8570-9a303493c1f8
krodite,f27b0f4c-75ca-4fff-ae54-2780010e2b55
astratical,001777eb-57fa-427d-87d2-c4a5fa11e169
straghit,c171e6d5-4361-42ff-bc1d-81499efaa118
jonahbug2012,92eaa8d1-e184-406e-8d6d-16306ad3fc94
2bqc,134560c0-9bd7-49e7-85cd-a66a0984bf2e
mrhotpocket01,fb479577-085e-4550-b7a6-ba704633d257
notaarjavgamer,1efa6f1b-204f-4294-967c-97853df86a8c
mrleaf7,55015891-7246-4e16-83f9-ecb04ced6772
foldedbison4605,69194fb5-992f-447f-9cdd-c3d8aa27f063
offten596629,384222dc-b472-4eaf-9652-aa77d78860ba
egene47,f2162ebd-33ee-4632-bf21-e7da8919f0f8
justplayera,c0eb5219-1826-4780-9120-0be516b6eceb
yin3,3ad4e9e5-3fd7-4eb6-9f99-21666284ecd7
void_quix,341ecf50-8185-4a4a-ac63-5759baa50122
prolessnoobotp,f88a31d6-f012-4611-b74c-c48c809e7f42
tolkay,5af352c2-6a82-4109-9ad3-33599699d16e
nathaniel81913,2ad43e84-6340-4b68-a8a1-a4c5c908375d
qjet,cec2a689-0572-4b11-add6-ec8df2aa9681
s_antiagoo,c5f103e1-7c90-48ef-aafb-e28858ac7767
binabanana3,4695f31e-2b07-455d-922a-9dcfda42ace6
tdawgrex,13a0f41a-236e-4cf9-b2eb-321139ae41d2
kidkarnage23,6de21c8d-36e2-4b12-9ffb-d298bec4c970
ellla1234,856eff5c-071f-46a0-a144-9b0472980e0f
joelsrsus,46174b56-1f46-4fb7-b4d8-331b5fc11592
warbroo3000,a3f4c3f9-7ec6-4d3d-b823-40767d791011
sukrana,3cea09d1-ceaa-4c46-8965-6ff7ab082cd6
mumtm,f87e660d-3b96-4b76-9208-2967a20c46c9
odis_,9e5c6c1a-5957-4642-9f9a-e65eab9ec8f8
philipdagoose,078d2a9b-210c-4d74-bcbe-fb00a7e0aa23
factionsfire,89140417-d242-4c91-b0fe-5afd51a18568
shane95662,a0bc303d-659c-40fe-98e5-fe0410277a2e
kingyeetamus,eb2231c3-ac5c-487a-ae56-fad9e2993820
mickeysworld12,89cdd353-b46d-458e-b24c-14e9761d6621
ethanslayer39,f1421a7e-beaf-4376-8abc-4624ccf4cbdd
waterbottle543,cefdc331-55e3-4ee5-a8f5-a2dbff1e8174
probiszkoptyt,1dd773b0-77c9-4203-9ce5-a71a7e4a8a7a
ethanplayer39,6c025649-3483-4520-b87d-39f179e37cef
boreddeathherd,7cfe5309-6e00-4c9e-86b5-05dc5547be4c
itzsco,4fc741eb-95ad-41bb-94f8-fceee2395293
mrleska,ec57beb7-5b7a-445a-8fd9-328f8539606b
darkhecker,bf847456-fc65-4497-b3e0-ad112954cef8
pigeuon,74351fda-c4f1-4453-ac8b-2ff5daa18662
ctrader,d8147670-b15a-40c5-a06d-4a1b480058d6
ajanvartija,a55fe13c-7d93-4fee-be1c-41f31ac651f8
minernoob03,a0004465-ad93-4c8a-b6de-55021da1c59e
bournesinner,87b04fa2-109b-4e5a-b366-14616bf0dfaa
kathmandu_pro,33a3266e-4583-4e0d-819a-4109d5af9adb
_parzival222,c39c0a5d-39cc-49d1-aa80-dfe465ce0638
iceikiru,540302d4-5e30-436a-8583-64c6dd96a365
lukaspro0311,8ac636c9-0ac8-4223-a48a-88dc5542da11
sagamesyt,3c255118-7111-4362-9b07-8261f5670855
cade__p,ae82b1d2-f295-41c4-891d-8878d02c2fb6
zeboss,3d8b33ac-9700-4acb-a1ed-9c0b6529c2c4
gewoonboaz_,c8e658f5-6660-449a-9059-a8adbbefc443
alexandark,ee3d5246-d34e-4f3b-b803-acac1d494dd2
ibaontop,f8878c77-e9ce-4c42-8dfc-858120c0e433
generic_us3rname,0ffdc80a-9d28-4f99-a7c7-35037a7497be
kylenisbeast,896e581d-d1a9-4777-ba69-6f29223802f0
letterfive,a025c549-7441-41ea-829f-3d29768c413f
thepuppyperson,4cf3c01c-7529-4eba-b55e-fa09f5f47cd2
carnoahtaurus,ba2c3c2a-715c-4305-bfef-d9e0b6f8eee9
barty021,5a9eebce-0f8b-4017-82fe-d7d5ebcd245b
mohammad_q,c84bd466-ec34-43f6-8785-585b30300e3f
phatgus300,434f942f-c5b5-487a-b8a3-462cd8406df1
vizx,128c983b-f8b0-437c-a8f7-9d56034b7c54
damianek_10,ed77a25f-fa87-48ab-8888-ae82392709ef
l1zp,5f74e69e-e227-4e35-9df2-e64ecbbe7783
bakedpotat123,dbb63e77-4bab-46d5-bc97-2ba79ed66799
neon_guy_,51699430-d2ea-43f3-ab44-477472cf92e6
soultoastt,44ca421b-ec62-4212-8389-d6465d3cae3b
vizl,ea39590f-4207-4956-8c03-1aef525a9e2f
endreteikari,97417c3b-226d-4920-941c-a73d7b094bc0
genesectplayz,5741ca24-22d1-4870-b13a-f28391607711
thanosthenoo8,41e50e72-38f4-46d6-91b3-d91aea8f0a90
iuhh,6425f583-3de2-4048-8dff-fb64e9d5acfc
jeeper_,49c701c7-d5fc-4fc5-a7d4-d0d6c3765996
lespons,6ca4c320-311d-446b-90c2-8c77e2d0deb5
slicer_darklord,f89f86b3-4572-40de-99fd-1576cb64e6ae
mc_mega,bb73e9de-633e-41a1-9fdf-2b44fbd4d731
dogwillus,a1bcbbb8-cfe1-4840-badb-0644080a1968
hemaxy,82cca153-cb62-4eaf-a77c-064046679c40
clod_strife,5a3436c9-b365-4e96-87de-4bb3415064e3
baraminecraft,65d0940d-77b6-4919-bd5a-c456d3a29740
enlil0,177fdb83-cc73-4b6f-9a5b-211f1eaeca19
dxl_learner,b5855bdf-55a1-4805-92d4-29567c1d2323
vqhr,216a3741-7661-4f7b-aae6-ec995eb25fa5
mlnty_appiepie,be99e7dc-79d9-4290-a2cf-b777b7b32a2f
warytoast437297,eec56508-bc49-4afc-a19b-04d29718cca6
pernethopia,57c5e73c-4fcf-4b1e-9648-4260c9850b85
voiletqueen,4711ca0f-029f-49df-b1bd-df60dd555390
firequaker420,30535265-d4dc-498d-82b4-5f75410b13d5
mani112009,d0165fda-297a-421f-b4d0-8357d14880ad
hedgehogboy2334,0cb6f83e-fe78-4e17-a3a8-ce9d5ae27c67
jackkaiden,65a68921-327f-45fd-bcc7-166b229fa937
_pawelek285,00000000-0000-0000-0009-01fa647bd05e
waddle_manguy,ac88f8fa-346f-4a0a-a396-332a5926471a
fflaming,ea8c9e3e-58c5-4b86-8648-3318ef336f89
vvatermelons,c69f505b-90ec-4408-ae36-2a2cd8e5d123
vizlx,5a296cae-1773-4ffb-a38e-df888adfaccf
mr_turtle615,a1e3a7cd-0b87-4fae-a0b5-0ec08bc9be5f
thepastgamer,c995ca99-4dd5-4abe-9c4d-d60ff26505d2
napstablook2270,f1d41422-3a99-4a99-b1b0-a18225252535
godzillafan12,9c8d5355-869e-4149-a9c5-ad4c7ab68bee
pb010,dd1345e2-f176-47b6-b865-f484a22f544d
plupbrub,4dc3781d-2680-4de9-907c-dfc50fc64207
xxsanslayerxx,c57bd22a-72b0-44f3-b46a-89d1b275c0df
maybe_space,07faaa25-b0b9-42ed-a80c-38ee91ba07fe
l3m0_0,d71da274-4bcb-4e70-9b12-3a45488e0ffe
jaydubz241st,f55674ac-adfb-48db-9f7b-4a5ee833e299
reekids,711b20bb-6793-487f-9d76-01cfadb9fb4f
smidgets,4d9ce4a8-de24-4a63-beec-ad854cdd77e9
samgoezhyper11,9eb21051-a7f9-4dd1-878e-f87266cb2354
captaineagleyou,88d69803-a684-4ae1-ac14-01907d163732
firestarter6814,f98aeb80-f107-4866-91d8-64e9daa8fb2f
gizmo_the_god,745a4e3e-b8d5-4f06-8524-9d2ccf6d3fb4
notofficial_duck,0b3a6633-2715-495a-acfb-323053d91dee
nutin_,a5b8d53f-8e54-43e2-adb2-9646b459856e
witherably,3f3e7111-d115-4828-a8c0-1edbf6ecac93
djryt,042c41fd-eedf-4435-88dc-cf0cd540b455
luz_noceda101,d51a8dd8-98c1-41e3-83ea-af7417d5b382
texas_ahla,9e5946dd-4ad8-4de6-ba36-0667059f9f54
accursedfir1358,f93cf208-c140-4ec4-aceb-d92fa537bf59
maxattack6,9e675861-48ba-4d06-9918-0d7571369f66
_unequalegg22037,00000000-0000-0000-0009-01fbcf14ecb2
shlokashvi,67a80166-1825-4904-ab32-17fd0794a80a
creeper1125436,a7f7e159-9b81-4a69-a850-ba62437fee0a
spil0,c29ba69c-08ba-49bb-8ea7-0b83ad126946
ippedy,bdafdfb9-72b0-4f1d-8082-b3d5fa591e1d
moonie765,a3b150b7-11d6-49ca-9865-81f9ea26a245
avocadoleader47,7dd1d158-e73d-4fc6-bfd3-2aa09e6f947b
purfect_im_is,9e14e251-6827-44c8-868a-fa7a0e97c35e
velocity_vxr,db7c9eac-eaef-4d0f-9ba6-5133e8526f76
meepobeep,a358291b-a5e7-4077-aea0-8dc32492b23e
distancetext,3ae27da7-c44a-427b-ab5e-2ed3f40801ff
hitnflea,c4e5e6e8-11f9-487b-bf27-290688274764
adecentclutcher,79b9b120-9d15-4d45-b17a-60a2679ecec4
0trash,625bd1d9-8838-4dbb-aae8-6dedb45ea404
noopro_,0ad1b1d1-10ca-4666-ae0f-7bf6a06c1aff
9263,0ea78ce1-5192-413b-9a2f-249929ee2b9e
basicallyprivit,fbc32adb-a579-447f-8ec7-b99269ab9bb6
pdymond2081,c0876d9c-67a1-4868-a7d3-ac937b18ea49
agtvthagamer,be4538e1-8b66-41e7-a9b4-0cca859da844
happysamiz,1fc48988-6081-4c97-934e-fc59016b4610
tryhard_pro,4799e355-f2f2-44d5-a2f2-35cf2c67c00a
zutil,7d283583-0d1d-466d-9c80-daf8f53f67a9
ninjago726,51110bc0-1e8d-4711-8e72-8685121f9866
mr_butt,d7fb4936-48de-4713-ba17-68b2eaa235e8
fillius202,26a5fcec-dfc4-4750-b6fd-c76dfd24fff6
dogfishtaco22,993d0e41-ed6d-411c-836c-b479b48aa45b
yeetman598,0aed53b8-deb3-4d10-bffa-a05b6910eea3
blzyrd,ce630856-ce98-45c6-bfbf-d5a38b3097b5
morbidharmony66,b8db5d98-1029-4631-ab63-01a216394588
pokemile,ab301d13-764e-4e97-8190-06d86da6fafb
isimp4,dad4bc68-f2d4-4797-a62e-bbed24fdcb1a
th30ofd00m,16773cab-4d3c-4e28-aacc-1d0f23eb371f
lionninjaplays,2fcabada-d0d4-4a53-a81b-b81f00aa31a0
_gauchesphere951,00000000-0000-0000-0009-01f22884af20
fireflameninja3,6d8f16dc-f335-4d12-be85-f968054a39b4
negbub,e54ed325-0cb7-4741-98e8-3444add87307
_illiberize,00000000-0000-0000-0009-01f58aececdd
crystalcascades,054cafcb-91f1-4191-bf9e-e27241442447
ostq7rso0,d677602c-e5f4-42bd-aabc-2e65dfd3d669
omsetorte,be27667c-5ee0-4cf0-8159-54d8eeead70e
laurenducz,1fe57564-fd7e-450a-b96b-ded62cc49e87
the_mantaray,bfb160f0-4a72-4061-a256-92aa8b10668e
czokoxy,a27e7eef-11cc-42f4-9d2a-1913f2c9381a
kimera2317,bfbc34a1-ed9a-4fa9-ba0c-f79804817949
quinn000,2f619de6-5dbb-433d-a656-ac8a577762e3
_dark123,47a79f63-ee59-45c9-b916-5792c8106be3
toshiro_mifune,3b1468b1-f3cd-4a30-b93a-8540b5dbcca9
ohhkatsu,1ef3fc94-eeff-48b6-8a30-b32833c24e19
_dragonhuko,00000000-0000-0000-0009-01fbdd0f1d90
acrotica,baf3e60c-f9e7-4222-9992-762aaf0a8425
felleo09,147e58e6-e1cb-485f-a0ca-77d6df0f32f9
r4b1dmonkey,daec6ad9-2c7a-48a0-953d-bdaa5018df22
dragoncraftyt,e76d1b48-ccb1-43f7-999a-9532e5c9b8c3
shees2511,b5eb9e7b-6fbf-47b2-852d-25da2f7e6d05
brave_duck,3a3e9633-49eb-4e36-812c-cf1ddf6bdb93
wxthered,91a64edb-3d1a-4c8e-9656-3dff4d7f2e7d
iisleepyyy,b77b8b0f-5045-4491-8079-ea3831f37993
tytusm07,06c5c56e-1f59-4294-91d7-9795a152a5da
s7vr,2eca3883-f5fd-42a9-93a5-8b734a4a2e85
godofhockey11,1fe4f274-a202-4c63-b6fd-af3eb9821c16
moonsdecimator,163bb51b-3b12-4ff6-a2bb-7e44d44ebf69
coolstuntbro2,86be0bff-603f-42b1-975f-d809207d04fd
ytjeff,d40fb292-6112-4cd0-8a03-75b97e91dc10
cubica,bd9ecdbd-acbe-4046-8a2c-1e4ec2ac1648
wihhy,a7cd18e1-6c10-425e-844e-ad6716a1190e
superlandino,68834bb4-e151-4451-a205-345eb26dc8a1
shmack31,33f8b806-67ab-4cd0-a8e9-0424174fe424
rukisi,9d6b716e-90fb-4e72-8263-27b4f7da271c
clownslic3r,c3235e97-b8af-4860-a0ad-46d09f20de24
djenkod,ee1192fd-32eb-4e8e-a68b-3692b2c2a79c
diamondcat_,50ba2fcf-22f8-43f2-814f-225871679867
fabrice567,f7555b5e-92e5-41f8-8c16-abf259f238e2
yortlover,3d700f72-1c97-4a11-9fe6-958da2e0fac1
hyperfragile,01434f52-bd5a-44e3-a18e-81f556f6fdc1
muejr,4e171c1b-b6c7-4f5e-a5bc-fdc15d8ce190
casegymnast6445,f0820fd8-7085-4786-a802-d24a455170f5
messiahyate,603f8a55-89ea-412a-b08f-e6d14b65ec3d
nosybloom,2386d021-bb39-4249-af98-95132878f305
itzghostly_,b7b4396f-fdb3-4055-b916-ddae19a83901
theidiotxyu5756,dbcb8691-2552-42ac-af49-4982ba36b114
sejebenjamin13,9d655fbf-f92a-4c53-98bf-55e287cb4eb5
_icy357476,00000000-0000-0000-0009-01ff0248d83f
endlesskylo44,b4c96ec4-5de2-443f-9831-2a2946093ae9
mxyplayz,21cc03b2-970c-460f-a64d-9b06ac16db3b
